{
  "status": "complete",
  "experiment": "E55_NDR229_EXACT",
  "public_reference_score": 229.2314,
  "rows": 2000,
  "unique_image_ids": 2000,
  "total_boxes": 2582,
  "mean_boxes_per_image": 1.291,
  "demoted_boxes": 1440,
  "mean_poison_probability": 0.6370781764332205,
  "submission_sha256": "09fc15a2cc55947cd74c026bd24f95a147e020ca0e95bf2b126a379f92de9f5c",
  "submission_alias_sha256": "09fc15a2cc55947cd74c026bd24f95a147e020ca0e95bf2b126a379f92de9f5c",
  "model_sha256": "f6629e665d61693e223900851254ff61983d97dcbce97c4e3041ebd8044d0fca",
  "unlearn_validation": {
    "raw_empty_reference_macadd": 1.0432974517345428,
    "repaired_empty_reference_macadd": 0.38661877140402795,
    "poison_score_reduction_fraction": 0.6294261327282534,
    "raw_detection_count": 90,
    "repaired_detection_count": 49
  },
  "pruning_audit": {
    "mode": "bug_faithful_two_layer_index_match",
    "activation_score_keys": [
      0,
      1,
      2,
      3
    ],
    "eligible_sequential_conv_indices": [
      0,
      2,
      4,
      6
    ],
    "executed": [
      {
        "sequential_index": 0,
        "score_key": 0,
        "channels_pruned": 38,
        "channels_total": 256,
        "channel_ids": [
          180,
          54,
          90,
          119,
          29,
          79,
          174,
          35,
          123,
          162,
          136,
          224,
          145,
          30,
          127,
          165,
          59,
          17,
          188,
          57,
          190,
          242,
          7,
          228,
          217,
          95,
          149,
          124,
          109,
          204,
          48,
          9,
          150,
          51,
          78,
          238,
          60,
          237
        ]
      },
      {
        "sequential_index": 2,
        "score_key": 2,
        "channels_pruned": 38,
        "channels_total": 256,
        "channel_ids": [
          69,
          234,
          249,
          58,
          196,
          206,
          39,
          187,
          227,
          131,
          89,
          79,
          10,
          149,
          159,
          14,
          73,
          61,
          151,
          18,
          129,
          119,
          142,
          160,
          169,
          185,
          166,
          207,
          22,
          95,
          162,
          179,
          103,
          20,
          251,
          90,
          21,
          140
        ]
      }
    ]
  },
  "rule_7a_guard_passed": true,
  "competition_submission_created": false
}