{
  "samples": 360,
  "positive": 140,
  "negative": 220,
  "oof_auc": 0.9826623376623376,
  "clean_family_fpr": {
    "0": 0.01818181818181818,
    "1": 0.0,
    "2": 0.09090909090909091,
    "3": 0.03636363636363636
  },
  "worst_clean_family_fpr": 0.09090909090909091,
  "enabled": true
}